Your Question,LLM Answer,flag,username,timestamp
Whatâ€™s sql,"'SQL, or **Structured Query Language**, is a programming language specifically designed for working with databases. It allows you to interact with and manage data stored in relational database management systems (RDBMS). SQL is widely used across industries to query, manipulate, and organize data.

### What Can SQL Do?
Here are the key uses of SQL:
1. **Querying Data**: You can retrieve specific information from databases using commands like `SELECT`.
2. **Manipulating Data**: You can add, update, or delete data using commands like `INSERT`, `UPDATE`, and `DELETE`.
3. **Defining Database Structure**: You can create or modify the structure of databases or tables using commands like `CREATE TABLE` and `ALTER TABLE`.
4. **Controlling Access**: You can manage database security by granting or revoking permissions using `GRANT` and `REVOKE`.
5. **Performing Transactions**: SQL supports transaction control commands like `BEGIN TRANSACTION`, `COMMIT`, and `ROLLBACK` to ensure the integrity of data.

### Basic SQL Commands and Concepts
Here are some of the most common SQL commands:
1. **SELECT**: Retrieve data from a table.
   ```sql
   SELECT column_name FROM table_name WHERE condition;
   ```
2. **INSERT**: Add new data to a table.
   ```sql
   INSERT INTO table_name (column1, column2) VALUES (value1, value2);
   ```
3. **UPDATE**: Modify existing data.
   ```sql
   UPDATE table_name SET column_name = new_value WHERE condition;
   ```
4. **DELETE**: Remove data from a table.
   ```sql
   DELETE FROM table_name WHERE condition;
   ```
5. **CREATE TABLE**: Create a new table in the database.
   ```sql
   CREATE TABLE table_name (
       column1 datatype,
       column2 datatype
   );
   ```
6. **DROP TABLE**: Remove a table from the database permanently.
   ```sql
   DROP TABLE table_name;
   ```
   
### How SQL Organizes Data
SQL works with **relational databases**. A relational database stores data in tables, where:
- **Tables** are made of rows and columns.
- **Rows (records)** store individual entries.
- **Columns** store specific attributes of data (e.g., ""Name"", ""Age"").

### Popular SQL Databases
SQL is supported by a variety of database systems, such as:
- **MySQL**: Open-source, widely used for web applications.
- **PostgreSQL**: Open-source, powerful with advanced features.
- **Microsoft SQL Server**: Enterprise-grade, developed by Microsoft.
- **Oracle Database**: Used in large enterprise environments.
- **SQLite**: Lightweight, often used in mobile apps.

SQL is relatively easy to learn for beginners because its syntax is similar to English. However, it has powerful features, making it suitable for advanced data management tasks. Let me know if you'd like to dive deeper into SQL with examples or hands-on learning!",,,2025-04-07 01:56:35.008594
